id,generated
0000aaaa,0.0020143760373723795
1111bbbb,0.0020143760373723795
2222cccc,0.0020143760373723795
